,Fresh strawberries,Thin cream,Sugar
Used,1600,916.1554192,1483.844581
Buy,7600,916.1554192,1483.844581
Sold,6000,0,0
Slack,0,0,0
Fair Prices/kg,0,-1.1,-0.2